id,raw_term,term,reading,romaji,definition,pitch_accent,affix_type,lesson_id
6d24298c-85fa-4298-a242-09434a1b8332,例,例,れい,rei,例子,1,none,1
ad477058-36c6-4ada-b20b-a4f808abf7a7,～さん,さん,さん,san,～先生；小姐(敬稱),-1,suffix,1
caa4680f-902e-4d49-bf01-462d0acfee17,ベトナム,ベトナム,ベトナム,betonamu,越南,0,none,1
f71e8990-3288-4008-b9a7-92f6faa07c2f,学生,学生,がくせい,gakusei,學生,0,none,1
727acec9-bf36-40a4-afd0-0a17d0f0dd4f,インドネシア,インドネシア,インドネシア,indoneshia,印尼,4,none,1
b298b1ee-9eaa-436c-a469-6ae3e3f14fd9,中国,中国,ちゅうごく,chuugoku,中國,1,none,1
cdfb6dc3-44f8-4c42-9fa0-bf217805bf12,アメリカ,アメリカ,アメリカ,amerika,美國,0,none,1
bad3a81a-568a-49f0-bd12-18428937d975,韓国,韓国,かんこく,kankoku,韓國,1,none,1
73b09164-c7d4-4fe9-9e0d-f85512d09e74,オーストラリア,オーストラリア,オーストラリア,oosutoraria,澳洲,5,none,1
0393cfc5-b6ea-412d-8f54-c0c517654236,ブラジル,ブラジル,ブラジル,burajiru,巴西,0,none,1
998da8f6-f7e3-4573-9704-4656968a1690,タンザニア,タンザニア,タンザニア,tanzania,坦尚尼亞,0,none,1
6b5a2f8f-495a-45fa-adb1-4c6cb714c1ef,はい,はい,はい,hai,對；好；是,1,none,1
a70deb62-2376-496b-80f4-0d494b854fa6,そうです,そうです,そうです,soudesu,就是那樣,1,none,1
3c1767c5-f151-4e18-8e79-0b2475b5b036,いいえ,いいえ,いいえ,iie,不對；不是,0,none,1
ed33b43c-30d9-4321-9212-bb1e6f516171,タイ,タイ,タイ,tai,泰國,1,none,1
127a37bc-53f0-4e7f-9154-6e2ce0985ddf,クラス,クラス,クラス,kurasu,班級,1,none,1
d109927c-7275-40e0-8363-7f8c4de5f8b8,はじめまして,はじめまして,はじめまして,hajimemashite,初次見面,4,none,1
2ddb4292-fb7e-44a7-920a-b6a2987d9130,どうぞよろしく,どうぞよろしく,どうぞよろしく,douzoyoroshiku,請多指教,-1,none,1
f856de6b-dcc6-45bb-91b5-99405512292b,これ,これ,これ,kore,這個,0,none,1
6b438b40-4091-4b3a-aff1-3714b016aba3,それ,それ,それ,sore,(你)那個,0,none,1
1893a34c-e323-470a-b92f-8b136a74ae74,あれ,あれ,あれ,are,那個,0,none,1
60109fad-f9a9-485d-912a-8fb7a7849ae7,本,本,ほん,hon,書,1,none,1
90d5abc7-8dfa-4a5c-b5be-d3960772a41e,ノート,ノート,ノート,nooto,筆記本,1,none,1
9ef460b3-9e7f-49b8-b5db-78e71b848752,辞書,辞書,じしょ,jisho,字典,1,none,1
910e00d1-a5a1-4bfd-9cce-71ce993baac9,新聞,新聞,しんぶん,shinbun,報紙,0,none,1
c0134ad1-4b97-43c9-8ebb-6d27f2c92262,雑誌,雑誌,ざっし,zasshi,雜誌,0,none,1
4f825a29-3ed0-4310-a3b1-a66ecc0a9dea,鍵,鍵,かぎ,kagi,鑰匙,2,none,1
2c56a439-925b-4d5b-ac2c-45adb9936770,傘,傘,かさ,kasa,傘,1,none,1
9abe3b91-8c18-4645-b016-1d361c2032e4,かばん,かばん,かばん,kaban,包包,0,none,1
14364ab1-56d2-490a-8be5-6bcbcc6cc714,時計,時計,とけい,tokei,時鐘；錶,0,none,1
49bc3045-d48c-4596-8611-d5f19044960a,消しゴム,消しゴム,けしごむ,keshigomu,橡皮擦,0,none,1
9a6db2c3-e823-465c-b524-01ac416800f1,ボールペン,ボールペン,ボールペン,boorupen,原子筆,0,none,1
5a27235d-d472-4dd5-886c-7caa2ab52568,テレビ,テレビ,テレビ,terebi,電視,1,none,1
ee82aece-63a1-40cd-abfb-999eb4bfa50d,コンピュータ,コンピュータ,コンピュータ,konpyuuta,電腦,3,none,1
9ae650d2-15eb-41b4-8864-39b2e1884d07,車,車,くるま,kuruma,汽車,0,none,1
6d722c85-9221-4a9c-ad17-1ae5448cda5a,カメラ,カメラ,カメラ,kamera,相機,1,none,1
e3284ba9-1bfe-4bdf-a940-f33cbbeac6d0,英語,英語,えいご,eigo,英文,0,none,1
04dd3971-d561-4722-9a89-f6692e7a0f2c,日本語,日本語,にほんご,nihongo,日文,0,none,1
e587a720-d7ac-4421-8d35-e24300cd9d90,～語,語,ご,go,～文,-1,suffix,1
97a07ebc-9ec9-4bd8-8c48-ff6cd0f241ab,宿題,宿題,しゅくだい,shukudai,作業,0,none,1
5fa2bee7-3fb8-4743-8803-55f444765aaf,ペン,ペン,ペン,pen,筆,1,none,1
f1a9af30-b954-4b68-b21a-640d60764f0e,先生,先生,せんせい,sensei,老師(敬稱),3,none,1
8e7312c3-f887-4172-865f-7e89dad6930c,部屋,部屋,へや,heya,房間,2,none,1
6c261697-135b-4150-8332-a87cd681fc2a,男,男,おとこ,otoko,男人,3,none,1
1bccc488-8edc-423d-98dc-1f437ef8d43d,女,女,おんな,onna,女人,3,none,1
617bdb30-3734-4ade-9ce6-74cf5ca6f93d,日本,日本,にほん,nihon,日本,2,none,1
46ed4845-de8c-49be-9072-9ea74faf28fb,イタリア,イタリア,イタリア,itaria,義大利,0,none,1
1c1decbe-d993-492e-b280-e05bba6f4b80,すみません,すみません,すみません,sumimasen,不好意思；抱歉,4,none,1
9cea0638-f56d-4942-a25b-2c4809bfae8b,ありがとうございます,ありがとうございます,ありがとうございます,arigatougozaimasu,謝謝,-1,none,1
7dbf37fe-8106-4963-b3bb-c5217253cebb,ドイツ,ドイツ,ドイツ,doitsu,德國,1,none,1
cae63196-9f1a-4a54-9d30-b730177b6057,お菓子,お菓子,おかし,okashi,點心,2,none,1
6300f51e-b8eb-4aaf-9594-0073e7c30bab,お～,お,お,o,(美化語，表客氣、尊敬),-1,prefix,1
2de24fd9-a81f-4fbc-a917-e330fba0d5db,何,何,なに,nani,什麼,1,none,1
a381d1a8-05db-4bea-a8f4-a8dd80b268f6,ポスト,ポスト,ポスト,posuto,郵筒；信箱,1,none,1
063fd737-e323-4bb8-86be-b5bb94d3d899,おにぎり,おにぎり,おにぎり,onigiri,飯糰,2,none,1
6232a471-9c17-48e1-860e-97b336f543ac,お茶,お茶,おちゃ,ocha,茶,0,none,1
ec204db8-242a-4ac9-8c3e-e2799d4bfdaf,お弁当,お弁当,おべんとう,obentou,便當,0,none,1
6d018b0c-5f31-4fc3-b4be-50464afad930,この～,この,この,kono,這個～,0,prefix,1
9715e141-1df1-4035-a158-d1c0eafefb0b,その～,その,その,sono,(你)那個～,0,prefix,1
9e190b71-d8f1-4803-ae4d-bf66f6c74530,あの～,あの,あの,ano,那個～,0,prefix,1
df62ffd8-a66b-4281-8294-7532b3c1d348,誰,誰,だれ,dare,誰,1,none,1
17ad97bd-542e-46f6-b90d-4db17e18c492,どなた,どなた,どなた,donata,哪一位(禮貌用語),1,none,1
a836f653-ca95-476a-909b-f88c8a8861c8,人,人,ひと,hito,人,0,none,1
beaf05c8-c4ba-4a61-8a4e-7662be3358c9,方,方,かた,kata,人(敬稱),2,none,1
73d2a778-1185-470d-9ee2-3dd22fda4319,アインシュタイン,アインシュタイン,アインシュタイン,ainshutain,愛因斯坦(人名),5,none,1
d5959d96-86c0-492c-af50-e026934caa30,チャップリン,チャップリン,チャップリン,chappurin,卓別林(人名),1,none,1
ccf3b50c-dce0-49e5-9bdb-4af1bec18615,野口英世,野口英世,のぐちひでよ,noguchihideyo,野口英世(人名),-1,none,1
8b8a7ce1-71a4-4408-83b8-e320eff1b9a0,クレオパトラ,クレオパトラ,クレオパトラ,kureopatora,克麗奧佩脫拉七世(人名),4,none,1
b4da4189-274a-42dd-9404-c96d60b1c03b,どれ,どれ,どれ,dore,哪個,1,none,1
f9c1e8e9-2154-4336-8ed2-e42a4447d6ef,どの～,どの,どの,dono,哪個～,1,prefix,1
4bb6cb84-3d55-49e6-a173-c17502c10834,名前,名前,なまえ,namae,名字,0,none,1
d6beb1ed-8222-4598-b25d-3355f3eebec2,国,国,くに,kuni,國家；故鄉；家,0,none,1
4723ab49-352c-495a-9463-47b49123c7e2,専門,専門,せんもん,senmon,主修；專業,0,none,1
23338c76-05b3-47ed-97d4-31b975de9d8e,社会学,社会学,しゃかいがく,shakaigaku,社會學,2,none,1
9dadc0ed-9a93-448e-9a63-54bbbc16c129,私,私,わたし,watashi,我,0,none,1
c94c516d-e7c4-481f-a084-fb641bae076f,自己紹介,自己紹介,じこしょうかい,jikoshoukai,自我介紹,3,none,1
288f19fa-2b4c-4ee1-b5a1-580b96b0b0d2,子供,子供,こども,kodomo,小孩,0,none,1
715d3984-ed8a-4d9e-8af4-b07d94896c35,外国,外国,がいこく,gaikoku,外國；國外,0,none,1
9552c2ff-c11e-453b-9691-9e99f695fb7e,CD,CD,シーディー,shiidii,CD,3,none,1
7eca37e6-5739-4193-bf10-fa46fa5ae692,あなた,あなた,あなた,anata,你,2,none,1
06119f0c-9962-4bb1-87fc-f673481e9c29,～ちゃん,ちゃん,ちゃん,chan,(親暱稱呼),-1,suffix,1
234b07ec-040e-441a-adc2-8d20a0d51a0f,机,机,つくえ,tsukue,書桌,0,none,1
ab565a1d-7f0d-4579-9649-802e96648f5a,ここ,ここ,ここ,koko,這裡,0,none,2
5d85b3a7-fc39-4770-9f2a-24b1f7fa1b7d,そこ,そこ,そこ,soko,(你)那裡,0,none,2
e25c3864-6596-45d4-91ce-52027a35a275,あそこ,あそこ,あそこ,asoko,那裡,0,none,2
adf79e89-6d3e-4fc6-b1f4-b9fed5067709,図書館,図書館,としょかん,toshokan,圖書館,2,none,2
1f97f7ed-d2ad-443f-807a-e0ba6b9550b0,大学,大学,だいがく,daigaku,大學,0,none,2
2a96cdaa-186e-4672-ba88-92dee6b70b9e,体育館,体育館,たいいくかん,taiikukan,體育館,4,none,2
ef02467a-f04e-4f25-8343-0fa5c3eaec8e,寮,寮,りょう,ryou,宿舍,1,none,2
63436c5d-d7f5-40f9-b95c-0e26f3023ffa,教室,教室,きょうしつ,kyoushitsu,教室,0,none,2
d1968beb-f797-4ee0-8e96-742dea22f7e9,事務室,事務室,じむしつ,jimushitsu,辦公室,2,none,2
b6d2330b-e6ff-491e-a300-1af133d7342a,研究室,研究室,けんきゅうしつ,kenkyuushitsu,研究室,3,none,2
c40faf24-6737-4510-a087-011c3fd23e6f,会議室,会議室,かいぎしつ,kaigishitsu,會議室,3,none,2
539fe691-7f18-408c-ac01-3680067cb15b,食堂,食堂,しょくどう,shokudou,食堂,0,none,2
0f8fccf9-9587-494c-a0ba-ac7244c691ed,レストラン,レストラン,レストラン,resutoran,餐廳,1,none,2
541e6a91-84af-45ea-b17b-defd9ac8e69d,学校,学校,がっこう,gakkou,學校,0,none,2
7d0f3085-8b88-48b7-9d83-1184d709fa31,会社,会社,かいしゃ,kaisha,公司,0,none,2
88ad4bca-d85c-4ea9-8a42-559393d8de28,建物,建物,たてもの,tatemono,建築物,2,none,2
30baac0e-7a05-4123-8cd2-c920a810cb9f,郵便局,郵便局,ゆうびんきょく,yuubinkyoku,郵局,3,none,2
630dd592-1d8d-4581-932a-b2ad5da8795b,銀行,銀行,ぎんこう,ginkou,銀行,0,none,2
cdb92648-496f-4d75-bb67-aa67347bba28,病院,病院,びょういん,byouin,醫院,0,none,2
844aabfa-2e93-4fbe-9e50-17e47d27e612,家,家,いえ,ie,家；房子,2,none,2
00ad1e4c-5d4e-4176-93d9-eb931c39f4c4,キッチン,キッチン,キッチン,kitchin,廚房,1,none,2
6b377824-d3a8-4a2b-9559-2588b6af7d52,トイレ,トイレ,トイレ,toire,廁所,1,none,2
363b3651-e2e6-4301-808b-6e8718421060,シャワー室,シャワー室,しゃわーしつ,shawaashitsu,淋浴室,2,none,2
f523696f-0bd7-426e-b9a6-43b5c6e35357,コンピュータ室,コンピュータ室,こんぴゅーたしつ,konpyuutashitsu,電腦室,5,none,2
e49c1ad7-e7c8-46b5-a93e-9d257e4a9cd7,どこ,どこ,どこ,doko,哪裡,1,none,2
973b7864-d769-4663-94f5-1838848bc361,どうも,どうも,どうも,doumo,謝謝,1,none,2
61ca5de1-4f13-49b8-af4d-336731249c6a,さくら,さくら,さくら,sakura,櫻花,0,none,2
dbb59d0d-dd67-4a44-a5b8-3407508ce598,ホール,ホール,ホール,hooru,大廳,1,none,2
b27b6feb-5264-4df1-a09b-423310a7af89,駅,駅,えき,eki,車站,1,none,2
25f3c6c6-535c-4b8a-8410-da6c986b218b,公園,公園,こうえん,kouen,公園,0,none,2
36e19ed5-8bae-4ea2-8395-9ec22ddf551c,スタジアム,スタジアム,スタジアム,sutajiamu,體育場,2,none,2
0069c08a-32dd-433c-a6d9-c108c07552ae,飛行場,飛行場,ひこうじょう,hikoujou,飛機場,0,none,2
ff8da6dd-0b3e-4dea-a18c-d898ee5084a2,JLC,JLC,ジェーエルシー,jieeerushii,日語教育中心,5,none,2
5b1a9848-d1bb-4992-82ed-467d9fea84e1,ATM,ATM,エーティーエム,eeteiiemu,自動提款機,5,none,2
bb08cd61-2d23-4c06-9a65-dfd03811525c,警察,警察,けいさつ,keisatsu,警察,0,none,2
ddacb114-74b6-4d17-ad14-36775383cab2,多摩,多摩,たま,tama,多摩(地名),1,none,2
c5c1e473-8b17-400a-87d5-efd7a5d5dfe4,飛田給,飛田給,とびたきゅう,tobitakyuu,飛田給(地名),3,none,2
c799d8f9-1bc6-4da5-8488-ae1fd9c0c372,グランド,グランド,グランド,gurando,操場,0,none,2
0738b540-860a-4d76-b8c4-2ca5f6ec812d,研究講義棟,研究講義棟,けんきゅうこうぎとう,kenkyuukougitou,教學研究大樓,0,none,2
9ab6478b-c629-44aa-9827-22be8fe6579c,事務棟,事務棟,じむとう,jimutou,行政大樓,0,none,2
501d7ce8-e06e-48b8-b478-80a3d69509bf,保健センター,保健センター,ほけんせんたー,hokensentaa,保健中心,4,none,2
6a5a0208-1ebc-4ae1-a3c3-e9b650e0a9fe,いくら,いくら,いくら,ikura,多少錢,1,none,2
96572e96-71f4-46e0-ac7a-4f8f8f9ce868,～円,円,えん,en,～日圓,-1,suffix,2
93b45c10-8ed4-400a-8857-cb1e1970d9e5,電話番号,電話番号,でんわばんごう,denwabangou,電話號碼,4,none,2
192309bd-f249-48b0-a2a3-a437b567eee1,何番,何番,なんばん,nanban,幾號,1,none,2
e4176efc-ae43-487a-a6bf-f37644d705ae,ジュース,ジュース,ジュース,juusu,果汁,1,none,2
e6edb978-ffde-41e8-818d-26c2e91f13fc,牛乳,牛乳,ぎゅうにゅう,gyuunyuu,牛奶,0,none,2
a2517bbe-1e82-40ac-8c64-492ecac8a693,ケーキ,ケーキ,ケーキ,keeki,蛋糕,1,none,2
dec06cca-8b01-4ef9-9137-096b82cfe312,パン,パン,パン,pan,麵包,1,none,2
8e9ab73d-2aec-4a27-a13d-dcea635b4751,じゃ,じゃ,じゃ,ja,那麼,1,none,2
7ced88d8-e41e-433b-9727-91d5d071cb6f,お願いします,お願いします,おねがいします,onegaishimasu,麻煩你,6,none,2
46d5aae1-55a5-4d16-8162-89cc24e8955c,メニュー,メニュー,メニュー,menyuu,菜單；選單,1,none,2
225ca67e-9a82-451f-8b90-668ce6a868f7,カレーライス,カレーライス,カレーライス,kareeraisu,咖哩飯,4,none,2
15977640-8372-40e2-93c6-13923a42f0d0,スパゲッティ,スパゲッティ,スパゲッティ,supagettei,義大利麵,3,none,2
728cdc14-1514-4cd6-9c7d-4726ff62d9f6,うどん,うどん,うどん,udon,烏龍麵,0,none,2
8e5ff35f-2e75-4b8e-b3b0-2f9120eb6014,そば,そば,そば,soba,蕎麥麵,1,none,2
16647414-7dd1-4929-b145-68d6759043c2,定食,定食,ていしょく,teishoku,定食；套餐,0,none,2
2316bfc9-e609-49be-be8c-305e992c2981,ハンバーガー,ハンバーガー,ハンバーガー,hanbaagaa,漢堡,3,none,2
bfde9e67-8c1c-4bab-a810-ab5807b94107,サンドイッチ,サンドイッチ,サンドイッチ,sandoitchi,三明治,4,none,2
00f82673-7b4c-438a-bd3d-60f2d87899d7,ラーメン,ラーメン,ラーメン,raamen,拉麵,1,none,2
61a7630a-0040-466f-a28c-248418ef8896,コーヒー,コーヒー,コーヒー,koohii,咖啡,3,none,2
851221b3-ce4b-4614-be6d-5051891c7ce8,紅茶,紅茶,こうちゃ,koucha,紅茶,0,none,2
8ec3dee5-4885-4989-9048-1a78c3b0a7e6,サラダ,サラダ,サラダ,sarada,沙拉,1,none,2
2c0da072-2806-4c67-9da0-0e91885e6605,白い,白い,しろい,shiroi,白色的,2,none,2
09483fb7-8a09-4904-b421-4cb01c988c7f,黒い,黒い,くろい,kuroi,黑色的,2,none,2
ee9ef495-9ac1-4348-a7cc-6a57248dfb8f,青い,青い,あおい,aoi,藍色的,2,none,2
87ad6872-fcc8-4928-b1b4-71603638384d,赤い,赤い,あかい,akai,紅色的,0,none,2
628550f6-d00d-417a-a8d6-47a4f53b4178,黄色い,黄色い,きいろい,kiiroi,黃色的,0,none,2
6d563137-2d13-4e03-95f0-36c2cb51f2bc,大きい,大きい,おおきい,ookii,大的,3,none,2
e1388e7a-86f9-47a6-b541-1ecba7307f6e,小さい,小さい,ちいさい,chiisai,小的,3,none,2
4096a75e-83e4-4ab2-8f54-b5ae573e22c5,高い,高い,たかい,takai,高的；貴的,2,none,2
2549e19f-2fd1-4dee-8d9c-4b26173fd5f7,低い,低い,ひくい,hikui,低的,2,none,2
0e0321dd-96ba-42b6-8bcf-47405a7acfaa,新しい,新しい,あたらしい,atarashii,新的；新鮮的,4,none,2
6148f47e-106d-4919-891f-40e6cbbea934,古い,古い,ふるい,furui,舊的；不新鮮的,2,none,2
3b0b7977-5fbe-4ea8-b680-a3b7012d8b92,おいしい,おいしい,おいしい,oishii,好吃的,3,none,2
65c808a6-1c5a-498b-a500-1669446e2f37,まずい,まずい,まずい,mazui,難吃的,2,none,2
91358121-2f34-4342-a490-b053f3d03995,明るい,明るい,あかるい,akarui,明亮的；明朗的,3,none,2
6879f4f0-7f3f-4cf3-82b7-fb85efba37f9,暗い,暗い,くらい,kurai,暗的,0,none,2
0ee3b911-54a4-4db7-919a-c5173e300fe0,安い,安い,やすい,yasui,便宜的,2,none,2
87efd330-96ae-4a75-942b-d73b72c16f3a,山,山,やま,yama,山,2,none,2
59a8b2e7-1083-48a0-844e-0df256bf61f6,漢字,漢字,かんじ,kanji,漢字,0,none,2
b77466e2-1f61-438a-99e1-5c9143f2008b,どんな～,どんな,どんな,donna,什麼樣的～,1,prefix,2
26e2bb46-ba96-41c6-be03-4335fe8b7cc0,今,今,いま,ima,現在；剛才；等一下,1,none,2
5f210ff6-3e12-4257-b89b-fc1ec1f3a650,何時,何時,なんじ,nanji,幾點,1,none,2
032a1bcd-3a73-4f2f-b7b8-8a3a2e9ae5a6,～時,時,じ,ji,～點,-1,suffix,2
03e4aa20-2f11-40df-bfff-0e86bf8b6918,～分,分,ふん,fun,～分,-1,suffix,2
10b8037b-3397-491d-bcdd-54e5c863a570,～半,半,はん,han,～半,-1,suffix,2
4ec2e9b1-58b7-40e4-84ac-09f09c377e46,ちょっと,ちょっと,ちょっと,chotto,有一點；稍微,1,none,2
01d177d8-8a3a-447a-8813-de2b658c6f56,買い物,買い物,かいもの,kaimono,購物；採買,0,none,2
df6a6183-110b-4bb1-a093-2d6577b9d72d,富士山,富士山,ふじさん,fujisan,富士山,1,none,2
7c147a67-05f8-4a06-944a-78278eb56945,町,町,まち,machi,城鎮；城市,2,none,2
ba2d8c2a-d15c-4c4c-b551-4392cd919b7d,京都,京都,きょうと,kyouto,京都(地名),1,none,2
4a6b75e3-2da5-4962-a939-e1dc8b4e6b5f,今日,今日,きょう,kyou,今天,1,none,2
47166926-202f-41ac-86a9-7f5cb9699d2d,寒い,寒い,さむい,samui,(天氣)寒冷的,2,none,2
4b488b7a-583f-458b-8495-938cada1bf38,毎日,毎日,まいにち,mainichi,每天,1,none,3
8826c6ce-13f7-43c3-bb53-68e395a8e36f,何曜日,何曜日,なんようび,nanyoubi,星期幾,3,none,3
694ce659-b8ba-4bfb-a473-8f17d5c4ce30,月曜日,月曜日,げつようび,getsuyoubi,星期一,3,none,3
a1d5c5e7-9211-4b2c-a21f-98d047a1d076,火曜日,火曜日,かようび,kayoubi,星期二,2,none,3
3a55bf9c-7b6f-4597-ada5-567bfccf1b09,水曜日,水曜日,すいようび,suiyoubi,星期三,3,none,3
065d7ac2-187e-484f-8b1c-f99aaf94937d,木曜日,木曜日,もくようび,mokuyoubi,星期四,3,none,3
799d2e10-306b-4eb1-b1d5-a755164f8070,金曜日,金曜日,きんようび,kinyoubi,星期五,3,none,3
b17a8ceb-32dc-42c3-a53b-21bc65848a69,土曜日,土曜日,どようび,doyoubi,星期六,2,none,3
31a0e6d8-a969-46ac-b0e6-c9a6d99475a6,日曜日,日曜日,にちようび,nichiyoubi,星期天,3,none,3
7c4a56a3-3a3a-4858-867c-35b3263c26f9,明日,明日,あした,ashita,明天,3,none,3
d9c228ed-9e25-4a8b-9675-c90637bce197,昨日,昨日,きのう,kinou,昨天,2,none,3
92afa523-9e9c-467e-804d-e355912fa45a,今週,今週,こんしゅう,konshuu,這週,0,none,3
2125b5a6-2615-4081-8d5b-65405b6807ec,来週,来週,らいしゅう,raishuu,下週,0,none,3
b3ef8b74-25a9-4387-bf01-4b4ec5a1364a,先週,先週,せんしゅう,senshuu,上週,0,none,3
76b1bda5-e21b-4a30-a614-0a7315660bbc,朝,朝,あさ,asa,早上,1,none,3
7ed968c5-c8b3-41c9-b657-7ebe171aa536,昼,昼,ひる,hiru,中午；白天,2,none,3
90b55fba-d2ed-435e-8c31-e29a5e1af838,夕方,夕方,ゆうがた,yuugata,傍晚,0,none,3
830b0b31-e67d-41a7-bdf7-0cc7026ebea9,夜,夜,よる,yoru,晚上,1,none,3
41c545d5-5fbf-4b32-ac86-42efc93315d2,午前,午前,ごぜん,gozen,上午；上半天,1,none,3
4c331a36-9d15-45f9-bcf2-d29700a05867,午後,午後,ごご,gogo,下午；下半天,1,none,3
4e709dd7-36b5-45a0-9990-87d81991c0df,起きます,起きます,おきます,okimasu,起床,3,none,3
42d0bdcc-670a-4a71-b2e2-db0db49e04be,～ごろ,ごろ,ごろ,goro,大約(～時間)；(～時間)左右,-1,suffix,3
e1268214-7dd8-4a87-972e-06db4f6d809c,そして,そして,そして,soshite,接著；然後,0,none,3
b4886acd-68c5-4782-9f30-613f5b0ab48c,寝ます,寝ます,ねます,nemasu,睡覺,2,none,3
4b6b0321-2e01-4f75-8baa-ea7cb70ae342,授業,授業,じゅぎょう,jugyou,上課；授課；課程,1,none,3
04aa79ed-42fe-4f6a-a3e9-35597ac28cb0,始まります,始まります,はじまります,hajimarimasu,開始,5,none,3
f59791cc-1343-421b-9bd2-40b2b931bd89,～時間目,時間目,じかんめ,jikanme,第~堂課,-1,suffix,3
ccba4358-b88a-48fb-a974-bb7902ffb3b6,終わります,終わります,おわります,owarimasu,結束,4,none,3
18a4e5d5-4fd3-4e72-a5c8-1d8b0e8644a7,昼休み,昼休み,ひるやすみ,hiruyasumi,午休,3,none,3
2b8ddc9c-c341-4fc5-ae1b-c5bcac1586f3,映画,映画,えいが,eiga,電影,1,none,3
5f022748-2b49-4f02-9479-59683a50c5a8,そうですか（↓）,そうですか（↓）,そうですか（↓）,soudesuka(↓),這樣啊,1,none,3
fe66ecd6-5b3a-42d8-a1ce-6ee22e137bc1,そうですか（↑）,そうですか（↑）,そうですか（↑）,soudesuka(↑),是那樣嗎,1,none,3
23c09ba4-6a83-46c3-b28e-1fe57c894c70,試験,試験,しけん,shiken,考試；測驗,1,none,3
330dd6ed-cd79-4f1d-a8fc-9abcf746f88d,仕事,仕事,しごと,shigoto,工作,0,none,3
ad87cc79-fd9d-4a5b-9375-0d2a86f7b9cd,アルバイト,アルバイト,アルバイト,arubaito,打工,3,none,3
ceb3a43b-cd2a-4022-9df7-fecfeeec47d4,毎朝,毎朝,まいあさ,maiasa,每天早上,1,none,3
2fd9048a-e1f4-4958-a452-134add60a539,毎晩,毎晩,まいばん,maiban,每天晚上,1,none,3
3c89e9b9-3e1d-40f2-9251-433265a4accd,晩,晩,ばん,ban,晚上,0,none,3
7ca0c830-c41d-44c6-a11b-51e5cc9bff81,食べます,食べます,たべます,tabemasu,吃,3,none,3
9f1dd3dc-f5fb-4334-9086-acc7fc011eb8,ご飯,ご飯,ごはん,gohan,飯；白飯,1,none,3
43df0a70-b90e-405b-aee2-d54fa9b12727,お酒,お酒,おさけ,osake,酒,0,none,3
06d2d58a-6709-4425-a557-cbf0cffb29b7,飲みます,飲みます,のみます,nomimasu,喝,3,none,3
4ba678ea-82b4-49d5-b003-b240244068d1,手紙,手紙,てがみ,tegami,信；書信,0,none,3
2203718c-a9d4-4668-841f-6bb06be008ed,レポート,レポート,レポート,repooto,報告,2,none,3
41739654-23bd-439a-b47e-9c1a81d9d153,書きます,書きます,かきます,kakimasu,寫,3,none,3
acd71334-5443-4bb1-9274-28109a98c006,読みます,読みます,よみます,yomimasu,讀；閱讀；看；唸,3,none,3
4118cda1-7727-4ea2-b267-9c2bcbacb391,歌,歌,うた,uta,歌,2,none,3
dde8a0fa-2408-4851-9d77-174c2cce0d8c,音楽,音楽,おんがく,ongaku,音樂,1,none,3
c52c75ea-4316-48a1-bceb-b408d488a9d7,聞きます,聞きます,ききます,kikimasu,聽；問,3,none,3
a12bd4a3-492e-461e-ad16-c8490c6a3f64,ニュース,ニュース,ニュース,nyuusu,新聞,1,none,3
a4f38ef7-af30-4acd-bd19-3f5fd0284bd3,見ます,見ます,みます,mimasu,看,2,none,3
278f529b-6ca6-46d1-a65c-d310ed03b4fa,勉強します,勉強します,べんきょうします,benkyoushimasu,讀書；學習,6,none,3
024a39ae-6910-4664-9bcf-d5a0fca0b8e5,買います,買います,かいます,kaimasu,買,3,none,3
2af8ff5d-6da7-4d9e-811f-d5ae1c467d1c,昼ご飯,昼ご飯,ひるごはん,hirugohan,午餐,3,none,3
1bbff917-afc9-40f8-8343-20525fe68753,晩ご飯,晩ご飯,ばんごはん,bangohan,晚餐,3,none,3
0d89962b-b715-4edd-abf1-77e43786661a,食事します,食事します,しょくじします,shokujishimasu,吃飯,5,none,3
c165ddba-fac6-498a-91c6-150899a7aac9,料理,料理,りょうり,ryouri,料理,1,none,3
e2cb1a97-3294-4725-9845-33a6417f6891,作ります,作ります,つくります,tsukurimasu,做；製作；建立；創造,4,none,3
fadb75c2-9e1b-4b26-9a84-64b00f70ccb0,テニス,テニス,テニス,tenisu,網球,1,none,3
05126934-acd3-4515-8726-6143b81dd1b1,サッカー,サッカー,サッカー,sakkaa,足球,1,none,3
b83f1751-496c-492e-8e11-8e390d7e7185,スポーツ,スポーツ,スポーツ,supootsu,運動,2,none,3
dcc4fbc5-ef0b-45be-9297-80315eb2e115,します,します,します,shimasu,做；配戴,2,none,3
d9f450c3-5763-430e-a7b6-99c624be967b,買い物します,買い物します,かいものします,kaimonoshimasu,購物；採買,6,none,3
1fcff6f7-26d8-4689-932e-8d0c261be333,散歩します,散歩します,さんぽします,sanposhimasu,散步,5,none,3
d8fd301f-4ee0-4939-abf5-538ea87cdf08,話します,話します,はなします,hanashimasu,說；聊天,4,none,3
95335a99-6021-450f-b0ae-0657797552d0,食べ物,食べ物,たべもの,tabemono,食物,2,none,3
66c5d01e-ce80-413b-8db9-03cbc123533a,肉,肉,にく,niku,肉,2,none,3
7d5c0072-a5ee-4e34-ad68-9d2751ec63de,豚肉,豚肉,ぶたにく,butaniku,豬肉,0,none,3
7e015697-ce17-40b0-8dfe-adcae8112201,牛肉,牛肉,ぎゅうにく,gyuuniku,牛肉,0,none,3
897b43ee-9313-4374-9f5d-1b7cc27d0dfa,とり肉,とり肉,とりにく,toriniku,雞肉,0,none,3
944d3199-0518-43e2-b732-18f552aa56b0,魚,魚,さかな,sakana,魚；魚肉,0,none,3
8ede1fe9-46e9-4a35-8156-3c8a2c8ea019,野菜,野菜,やさい,yasai,蔬菜,0,none,3
7d5d6a01-1c86-49bc-ae5d-34c5d908e4da,卵,卵,たまご,tamago,蛋,2,none,3
9224b0d5-9786-46c1-bb19-5e640059b263,果物,果物,くだもの,kudamono,水果,2,none,3
d84a61aa-0d17-4d73-a452-e3bee4655435,りんご,りんご,りんご,ringo,蘋果,0,none,3
cc2d9b2e-df04-494e-95f2-949d2fb27c1d,バナナ,バナナ,バナナ,banana,香蕉,1,none,3
535a552f-0ff9-413b-b472-f48575358861,飲み物,飲み物,のみもの,nomimono,飲料；喝的,2,none,3
68b53dd6-d683-47ce-9867-89c6f076c428,水,水,みず,mizu,水；冰水,0,none,3
3729ebe9-bbb5-400d-8118-36c2b4e74bec,ビール,ビール,ビール,biiru,啤酒,1,none,3
4a61f056-afdc-4949-80c7-692f6b6cb34b,ときどき,ときどき,ときどき,tokidoki,有時,0,none,3
3412761e-a3ad-4473-ac8d-626a4d2ff0da,毎週,毎週,まいしゅう,maishuu,每週,0,none,3
770d9916-ddd8-4d54-8c19-f17eae1fa92a,週末,週末,しゅうまつ,shuumatsu,週末,0,none,3
f63b30c8-ffe2-4138-8c40-6d1cbe0ad72d,スーパー,スーパー,スーパー,suupaa,超市,1,none,3
b9e00fd6-a4b4-4c5a-9876-b217248277b0,デパート,デパート,デパート,depaato,百貨公司,2,none,3
ecc151a8-756e-4dce-876c-b0d7190e2c3a,本屋,本屋,ほんや,honya,書店,1,none,3
dde9fd59-e77c-4c6d-a2ec-d4ec960f4f1e,メール,メール,メール,meeru,電子郵件,0,none,3
d796663f-e6fc-489a-b691-e5e6b6147d39,ピンポン,ピンポン,ピンポン,pinpon,乒乓球；桌球,1,none,3
1581bbd9-f4df-4a42-a3e4-09820606c091,映画館,映画館,えいがかん,eigakan,電影院,3,none,3
dc7ead5d-f540-4384-b306-20105deef01d,スピーチ,スピーチ,スピーチ,supiichi,演講；致詞,2,none,3
b8b100a5-59aa-4b42-b3c5-a7636893803f,あさって,あさって,あさって,asatte,後天,2,none,3
97f5eed0-874a-4e0b-b256-c1baf25023f8,作文,作文,さくぶん,sakubun,作文,0,none,3
23af6fcf-d516-4d13-9228-0254f094c059,今晩,今晩,こんばん,konban,今晚,1,none,3
4feb8609-16e3-4f89-a8f1-4c571f61974d,夕べ,夕べ,ゆうべ,yuube,昨晚,3,none,3
bbfbd4f5-415d-4c9a-8fa6-c8b7ac66d39c,おととい,おととい,おととい,ototoi,前天,3,none,3
c9290541-b8bd-42d3-8832-328b91b093b4,今朝,今朝,けさ,kesa,今早,1,none,3
f8f26a1c-fa97-4532-95d7-9d27229de86d,朝ご飯,朝ご飯,あさごはん,asagohan,早餐,3,none,3
5a74b02a-ceb3-4bb4-8d35-c75fef13755f,掲示板,掲示板,けいじばん,keijiban,佈告欄,0,none,3
e15c55d9-cbd3-4a1b-abc0-4532a68c2302,パーティー,パーティー,パーティー,paateii,派對；聚會,1,none,3
19dfc3dc-1924-4e2a-a343-307480abcba5,文化,文化,ぶんか,bunka,文化,1,none,3
8f34c5b4-73d8-42dc-a352-5da32543c6ee,友達,友達,ともだち,tomodachi,朋友,0,none,3
6930c11c-9b4e-42b0-8638-c84eb836f99d,家,家,うち,uchi,家,0,none,3
d2949a94-20e8-41bb-a81d-56fef565ac5e,一日,一日,いちにち,ichinichi,一天,4,none,3
ac77d1fe-c730-4e13-b921-5af6343370ef,バスケットボール,バスケットボール,バスケットボール,basukettobooru,籃球,6,none,3
f28e2d1d-6dec-48e1-90d2-8279307516ba,質問,質問,しつもん,shitsumon,問題；疑問,0,none,3
80ce50f9-b579-4748-b290-d7ad887ffe87,医者,医者,いしゃ,isha,醫生,0,none,3
7e3647ae-d1be-4db5-90b2-49323b778c77,バドミントン,バドミントン,バドミントン,badominton,羽毛球,3,none,3
acf92256-85ac-4943-b4e6-a6bd38be2b75,先々週,先々週,せんせんしゅう,sensenshuu,上上週,0,none,3
9bc8a131-7601-46ee-83f4-5a82a06ec307,再来週,再来週,さらいしゅう,saraishuu,下下週,0,none,3
7b97b0bf-3227-44a0-b0ed-780b9e217187,時間,時間,じかん,jikan,時間,0,none,3
9b456d85-26cd-4cea-8b43-6fc468347d3e,平仮名,平仮名,ひらがな,hiragana,平假名,3,none,3
1b0f8265-c71b-44f2-b071-ab39652be893,場所,場所,ばしょ,basho,場所；地點；地方,0,none,3
fc4ef0b9-c7ab-4e64-b755-8abf7a6b40e5,相槌,相槌,あいづち,aizuchi,隨聲附和,0,none,3
c9427941-feaf-4426-bf38-09c56e5d2a92,ええ,ええ,ええ,ee,嗯；是；對(表同意或應允),1,none,3
5dc64801-af3a-4ff3-84e2-bda26f25fdab,うん,うん,うん,un,嗯；是；對(表同意或應允),1,none,3
4ba76aa0-bd9f-4b1b-9865-af2cb7656dab,フランス,フランス,フランス,furansu,法國,0,none,3
84b0ceb6-cef7-4152-b8ba-e3ee19595f52,何月,何月,なんがつ,nangatsu,幾月,1,none,4
7f802182-8cf5-4595-9671-cb428f901dbd,何日,何日,なんにち,nannichi,幾日,1,none,4
a990377c-7ae0-499e-849e-608f37842ec8,～月,月,がつ,gatsu,～月,-1,suffix,4
1d6323be-0586-4bdc-937b-4e5d054a7e75,～日,日,にち,nichi,～日；～號,-1,suffix,4
60c4b3da-a903-4967-b1cc-f22becd4ce84,誕生日,誕生日,たんじょうび,tanjoubi,生日,3,none,4
d9632874-e01a-48d3-a1ab-cc3b591e5458,休み,休み,やすみ,yasumi,休息；休假日,3,none,4
7f1eb80d-ca23-46be-9bab-41b6816b2e76,コンビニ,コンビニ,コンビニ,konbini,超商,0,none,4
801b3255-6fd6-40f7-a068-bcc983387924,生協,生協,せいきょう,seikyou,合作社,0,none,4
f4807580-2259-4b3a-9591-75c032027b52,きれい,きれい,きれい,kirei,漂亮的；乾淨的,1,none,4
ae18bc49-303d-4200-9c21-e8d23bd17661,丈夫,丈夫,じょうぶ,joubu,堅固的；耐用的,0,none,4
2a44f925-36e1-43c7-a519-e8266f3f06fc,箱,箱,はこ,hako,箱子；盒子,0,none,4
3572a870-14fb-41a8-a733-ef9d9f3cda83,便利,便利,べんり,benri,方便的,1,none,4
c83a894f-c07f-459d-a24c-a38c8504600e,静か,静か,しずか,shizuka,安靜的,1,none,4
c5f5b8a3-559e-447f-8df4-e33be37c763f,暇,暇,ひま,hima,有空的,0,none,4
09a1cde4-be0b-4710-a1db-f495d22548d5,店,店,みせ,mise,店,2,none,4
f376bab9-0067-4003-8384-803e675f962f,元気,元気,げんき,genki,有精神的；健康的,1,none,4
a599e3a2-9b53-41a5-a7e1-92506f6491e7,親切,親切,しんせつ,shinsetsu,親切的,1,none,4
8ea87a97-0294-4f04-922a-385f0127a62f,汚い,汚い,きたない,kitanai,髒的；(字)難看的,3,none,4
acc8f86d-e9ba-4839-b8d6-fd07c3b270af,花,花,はな,hana,花,2,none,4
e0a5a9e2-431e-4eb3-91f7-19cabd63faa1,賑やか,賑やか,にぎやか,nigiyaka,熱鬧的,2,none,4
3d98b037-4fe3-49eb-8b1e-d4d74abfc0dd,好き,好き,すき,suki,喜歡的,2,none,4
e4a96935-82f6-4eed-8412-7041a96461f4,嫌い,嫌い,きらい,kirai,討厭的,0,none,4
2bc109a9-cd98-46e1-a79f-c5bb393c2258,アイスクリーム,アイスクリーム,アイスクリーム,aisukuriimu,冰淇淋,5,none,4
5199f7fc-76ce-4c17-9abe-e9098863eeee,おすし,おすし,おすし,osushi,壽司,2,none,4
96ffbecb-a560-4b7b-b768-4e715a8700e2,すき焼き,すき焼き,すきやき,sukiyaki,壽喜燒,0,none,4
1e1f6197-b36b-4465-9670-65781c990b42,天ぷら,天ぷら,てんぷら,tenpura,天婦羅,0,none,4
a56fce01-508d-47f3-bcaf-57446836aedd,水泳,水泳,すいえい,suiei,游泳,0,none,4
725e16c9-f67b-4847-853d-56f0ea1c7110,スキー,スキー,スキー,sukii,雙板滑雪,2,none,4
64ab606a-8c0c-4745-875b-28af20b3a15f,動物,動物,どうぶつ,doubutsu,動物,0,none,4
dbc37517-b740-431f-9220-38e7ab7ba894,ぞう,ぞう,ぞう,zou,大象,1,none,4
772b7a53-0024-41d0-8021-9aaaacdc49d2,ねこ,ねこ,ねこ,neko,貓,1,none,4
10545164-239d-43b3-b0d3-2914a133bab1,犬,犬,いぬ,inu,狗,2,none,4
49615fac-0b8f-49f6-8cdd-ac817b396492,うさぎ,うさぎ,うさぎ,usagi,兔子,0,none,4
1dca3a94-9ff5-4042-82f3-075269353ad8,パンダ,パンダ,パンダ,panda,貓熊,1,none,4
e87bbb3c-7af5-4f46-b2a6-fcd02803036c,コーラ,コーラ,コーラ,koora,可樂,1,none,4
41542300-bb09-4d38-a132-f92fb67cc61e,テスト,テスト,テスト,tesuto,考試；測驗,1,none,4
64dca669-c50e-4d7d-b8df-4bc6455ecfda,～歳／～才,歳／～才,さい,sai,～歲,-1,suffix,4
82ed9f34-b796-4445-84e3-073fac778d5d,昭和,昭和,しょうわ,shouwa,昭和(年號),0,none,4
355848b3-8b4a-43f9-96f1-e94c5c61b280,行きます,行きます,いきます,ikimasu,去,3,none,4
5ec1b3b4-2f12-4df6-848e-8a7228d132db,来ます,来ます,きます,kimasu,來,2,none,4
56a15f1a-8c8f-48c3-a56c-fb9adfd73273,帰ります,帰ります,かえります,kaerimasu,回,4,none,4
0c543929-c443-4d0a-a42b-fc20aed6434a,日,日,ひ,hi,日；日子,1,none,4
67b3c74c-678d-485f-8733-8aacc27124c8,写真,写真,しゃしん,shashin,照片,0,none,4
30db20a7-c6d4-4849-8ff2-b635057a72f5,撮ります,撮ります,とります,torimasu,拍(照),3,none,4
c0aa41b8-2695-458a-9302-11712b86ce3f,お土産,お土産,おみやげ,omiyage,伴手禮,0,none,4
8089f77f-af75-4ce4-beec-e174112658a8,いつ,いつ,いつ,itsu,什麼時候,1,none,4
4772a4a2-d599-4193-aa57-f7ff91cbbdfd,鎌倉,鎌倉,かまくら,kamakura,鐮倉(地名),0,none,4
4745944a-c13d-41fd-b33d-ed6c98ffb389,どうぞ,どうぞ,どうぞ,douzo,請收下,1,none,4
12364d42-3234-48d0-bc56-2fb0fe5175d6,お寺,お寺,おてら,otera,寺；寺院,0,none,4
381af995-4d97-48b3-9b3d-a175c3380648,たくさん,たくさん,たくさん,takusan,很多,0,none,4
192c8cd8-0674-4059-a45e-34ec51dfcd4a,浅草,浅草,あさくさ,asakusa,淺草(地名),0,none,4
84a41e88-759d-425c-bacf-8af87a7c4ee4,上野,上野,うえの,ueno,上野(地名),0,none,4
b4ecc588-82d9-437d-84bb-611525d69e02,動物園,動物園,どうぶつえん,doubutsuen,動物園,4,none,4
d903c3f7-5605-4d8b-9524-f8c993312347,スカイツリー,スカイツリー,スカイツリー,sukaitsurii,晴空塔,5,none,4
e4b25444-b547-4e8e-a012-e77b2d8ecfc5,よく,よく,よく,yoku,經常,1,none,4
6d18b839-25eb-490a-b932-6cb7057ad908,皆さん,皆さん,みなさん,minasan,大家,2,none,4
7e036a75-bde7-4281-a4d3-dc59d60a4f42,一緒に,一緒に,いっしょに,isshoni,一起,0,none,4
f92eabe2-fa43-4d9f-91a6-089f860ff9ea,雷門,雷門,かみなりもん,kaminarimon,雷門,4,none,4
172355c5-0b7d-4636-8d94-5b9e62b6f5b4,わあ,わあ,わあ,waa,哇(表驚訝),1,none,4
6ce7ecff-7501-41f9-a128-3320e2e372b5,大好き,大好き,だいすき,daisuki,最喜歡的；很喜歡的,1,none,4
815e4138-972b-422e-8532-86c10442825a,どうもありがとうございます,どうもありがとうございます,どうもありがとうございます,doumoarigatougozaimasu,非常感謝,-1,none,4
95510ea5-0d51-4132-a370-0edafc339d15,どういたしまして,どういたしまして,どういたしまして,douitashimashite,不客氣,-1,none,4
ef1d744e-8249-42d2-80f1-7732eda62aea,カレンダー,カレンダー,カレンダー,karendaa,日曆；月曆；年曆,2,none,4
ffcd5774-56e2-4b79-8078-183210a1c46f,～年,年,ねん,nen,～年,-1,suffix,4
8c3b2c59-3556-41c2-a336-decd5bb49ea6,何年,何年,なんねん,nannen,幾年,1,none,4
70ee7e14-1917-46d7-a519-732715812291,月,月,つき,tsuki,月亮；月球；月份,2,none,4
104b6e5c-edb4-4926-adb9-17ee1c2f6686,先々月,先々月,せんせんげつ,sensengetsu,上上個月,3,none,4
f577b0d5-9aaf-40b7-bd47-cafaf31a55e8,先月,先月,せんげつ,sengetsu,上個月,1,none,4
3ae33f91-c494-4e89-9409-46b41b7e3d97,今月,今月,こんげつ,kongetsu,這個月,0,none,4
84ed1a33-6670-44f7-986a-3b7d88dc3919,来月,来月,らいげつ,raigetsu,下個月,1,none,4
e506cddd-c4ed-42f7-ac93-77b743db71ba,再来月,再来月,さらいげつ,saraigetsu,下下個月,2,none,4
4dda3006-04ef-4274-b3b3-069f21feda1e,おととし,おととし,おととし,ototoshi,前年,2,none,4
d28cf8e9-f485-4551-85a1-fb0a1ade69f1,去年,去年,きょねん,kyonen,去年,1,none,4
af6cade2-3df7-4e2e-8b5c-79494617b9c4,今年,今年,ことし,kotoshi,今年,0,none,4
812fa312-c7f5-450e-92c7-5ff900e93fb2,来年,来年,らいねん,rainen,明年,0,none,4
a70097fa-b2fe-4bd2-8a7b-ffb3fee17cea,再来年,再来年,さらいねん,sarainen,後年,0,none,4
70ccbf3c-2f04-48f8-a2d8-a3920604591f,何歳,何歳,なんさい,nansai,幾歲,1,none,4
b0939427-af66-4719-8756-d65c5989f453,新宿,新宿,しんじゅく,shinjuku,新宿(地名),0,none,4
6b1a521e-b36e-48ff-8e3e-3e8e905ba8b5,年齢,年齢,ねんれい,nenrei,年齡,0,none,4
1979f202-c75a-4d1f-9bdc-6c0770b10388,夏休み,夏休み,なつやすみ,natsuyasumi,暑假,3,none,5
b306fcf4-e72c-4dd8-9bc1-13238cf9f6b6,冬休み,冬休み,ふゆやすみ,fuyuyasumi,寒假,3,none,5
b1b6b1a8-fa4e-411f-9d51-a7593463ef16,～間,間,かん,kan,～間；～期間,-1,suffix,5
507e6734-6f75-41f5-a624-2be6115b7d3c,～ぐらい／くらい,ぐらい／くらい,ぐらい／くらい,gurai/kurai,大約(～量)；(～量)左右,-1,suffix,5
809380a3-081f-41bf-91d3-e9ca771f4958,どのぐらい／どのくらい,どのぐらい／どのくらい,どのぐらい／どのくらい,donogurai/donokurai,多久；多少,0,none,5
73d0b23f-63bd-4d57-ad2a-f595d61602b4,～時間,時間,じかん,jikan,～小時,-1,suffix,5
a31d5dad-deba-4699-9f6b-21bea465346a,～年（間）,年（間）,ねん（かん）,nen(kan),～年,-1,suffix,5
6930d788-b078-4269-b3c2-4a3d62115c71,旅行します,旅行します,りょこうします,ryokoushimasu,旅行,5,none,5
e0c8b0b4-4337-4cf4-aea5-379b7756fd84,～週間,週間,しゅうかん,shuukan,～週；～個禮拜,-1,suffix,5
f63824a2-6985-474f-9dc5-984637cf1824,練習します,練習します,れんしゅうします,renshuushimasu,練習,6,none,5
7d29b90c-0945-478f-92ef-1440b8a98c4e,～日（間）,日（間）,にち（かん）／か（かん）,nichi(kan)/ka(kan),～天,-1,suffix,5
4fce515b-45d5-46ae-8d23-863cb2ec56f2,バス,バス,バス,basu,公車；客運,1,none,5
e9fa1750-e732-498d-91bf-19f758468b49,電車,電車,でんしゃ,densha,電車；火車,0,none,5
7fddc9c1-3d8a-4d2b-99ac-b31475349ec4,地下鉄,地下鉄,ちかてつ,chikatetsu,地鐵,0,none,5
1fa62878-c273-43cb-879f-9b4032e2ad8a,新幹線,新幹線,しんかんせん,shinkansen,新幹線,3,none,5
216e6c6a-f498-4260-9629-43c32de51741,飛行機,飛行機,ひこうき,hikouki,飛機,2,none,5
f8efafbc-6b97-4631-89db-3739b9578019,船,船,ふね,fune,船,1,none,5
b0483fd7-7d48-416f-a7ee-3fa740e0015d,タクシー,タクシー,タクシー,takushii,計程車,1,none,5
0147889e-7260-4059-a2f5-85a3db4a0eae,自転車,自転車,じてんしゃ,jitensha,腳踏車；自行車,2,none,5
db602920-0c9e-4baa-9dda-d5d3307c0f8b,歩いて,歩いて,あるいて,aruite,步行；徒步,2,none,5
9b5ad64e-a18c-414e-afe2-ded537fd7ba1,東京,東京,とうきょう,toukyou,東京(地名),0,none,5
9a39c441-33fe-4c5d-916d-53b6cd475271,大阪,大阪,おおさか,oosaka,大阪(地名),0,none,5
980e4190-57fd-4f27-9574-af669b13525d,空港,空港,くうこう,kuukou,機場,0,none,5
def476c2-e162-45ea-82a7-dd7550a5bd4d,かかります,かかります,かかります,kakarimasu,花費,4,none,5
89d01857-c0de-4e76-8ab8-9e2f54609d74,札幌,札幌,さっぽろ,sapporo,札幌(地名),0,none,5
826d1e96-fada-4f87-8dbf-d959c58fdbd9,広島,広島,ひろしま,hiroshima,廣島(地名),0,none,5
7e4ec35e-9b5c-414b-8a1a-e38580b37b34,ロンドン,ロンドン,ロンドン,rondon,倫敦(地名),1,none,5
40b020e5-ed50-4b73-9d8c-2e667b3dff7b,サンパウロ,サンパウロ,サンパウロ,sanpauro,聖保羅(地名),3,none,5
110ccf0b-938a-4138-bfa7-34caa7175b80,えっ,えっ,えっ,etsu,欸(表驚訝或懷疑),1,none,5
9e0661ab-3975-4daf-85e6-612023335ffc,ソウル,ソウル,ソウル,souru,首爾(地名),1,none,5
8319a36c-50ae-4be4-b146-e9682d03073c,どう,どう,どう,dou,如何；怎麼樣,1,none,5
5c446bd0-f941-43bc-a5ee-a2bf5666b3df,いい,いい,いい,ii,好的；可以的,1,none,5
0a2b266d-695e-4649-a44f-d30270c9ddcd,悪い,悪い,わるい,warui,不好的,2,none,5
00062647-7e18-43f0-9d08-a8c13338785a,やさしい,やさしい,やさしい,yasashii,平易近人的；簡單的,0,none,5
b7be4311-42c5-4cbf-b5f7-98f9608c253f,難しい,難しい,むずかしい,muzukashii,困難的,0,none,5
221ddecd-5d09-426c-b691-2374340d4455,楽しい,楽しい,たのしい,tanoshii,開心的；有趣的,3,none,5
6ee690e6-878b-47c7-b0f5-d29fbfc7a475,面白い,面白い,おもしろい,omoshiroi,有趣的；逗趣的,4,none,5
94e5da2d-e061-47d8-b58c-8c4e10805d6d,つまらない,つまらない,つまらない,tsumaranai,無聊的,3,none,5
9675e0e0-73f6-4b59-9f28-970088fa0156,忙しい,忙しい,いそがしい,isogashii,忙碌的,4,none,5
c509f213-80cc-4c9e-b499-0ea3dfdacfb9,熱い,熱い,あつい,atsui,(物體)熱的,2,none,5
a7f4cc7e-5f43-4674-a2f5-26ffdb48b14b,冷たい,冷たい,つめたい,tsumetai,(物體)冰冷的,0,none,5
aba91afc-66ba-460b-8e79-8f3d768ba43a,重い,重い,おもい,omoi,重的,0,none,5
c94ebb46-f59d-4c13-9d91-7dbeb63629ff,軽い,軽い,かるい,karui,輕的,0,none,5
73860ee8-7bc9-4cff-85b8-55bc0bc6cd4d,長い,長い,ながい,nagai,長的,2,none,5
90ecbdf3-734c-4901-82ca-72be0b53f071,短い,短い,みじかい,mijikai,短的,3,none,5
008450f1-1796-4678-be76-a5eaf787af08,速い,速い,はやい,hayai,快的,2,none,5
e99149e4-6141-4fb4-bad8-f9a93cb303e5,早い,早い,はやい,hayai,早的,2,none,5
16ee4376-6a40-4117-bc70-1d1a6abfaa78,遅い,遅い,おそい,osoi,晚的；慢的,0,none,5
b7977c22-c455-47ad-a04a-aaa5670b07a9,近い,近い,ちかい,chikai,近的,2,none,5
2f11401b-0ea4-48aa-87ee-6ed69c92c84f,遠い,遠い,とおい,tooi,遠的,0,none,5
5a5ba1b5-6564-4bdb-93a4-54f6850823d5,季節,季節,きせつ,kisetsu,季節,1,none,5
5e100db8-0085-4af0-8a94-969e0c09eb1e,春,春,はる,haru,春天,1,none,5
b83b207c-6064-4484-9f56-8d40e4e37e6d,夏,夏,なつ,natsu,夏天,2,none,5
94d2af28-8048-4cb2-bc11-b3e59d44f4f2,秋,秋,あき,aki,秋天,1,none,5
91df2dfe-6d95-4212-900f-3e1fe27e19f9,冬,冬,ふゆ,fuyu,冬天,2,none,5
fd4137c7-46f0-4836-8819-83497e9a03f3,温かい,温かい,あたたかい,atatakai,(物體)溫暖的,4,none,5
fb864f94-dee8-4653-ac90-8e6f91ab5bee,暖かい,暖かい,あたたかい,atatakai,(天氣)溫暖的,4,none,5
82d3e9ef-1275-4368-8437-00312928e337,暑い,暑い,あつい,atsui,(天氣)熱的,2,none,5
1ac626cf-6263-4572-9aa1-933ef4fc0bf5,涼しい,涼しい,すずしい,suzushii,涼爽的,3,none,5
6e0d1818-d91f-4186-a4bf-861e2b6d4253,あまり,あまり,あまり,amari,(不)太；(不)太常,3,none,5
42fc52c5-b788-4c63-8a75-16d6b6c049ad,生活します,生活します,せいかつします,seikatsushimasu,生活,6,none,5
a1f07ddb-16d5-470c-aa04-d10d76b43502,北海道,北海道,ほっかいどう,hokkaidou,北海道(地名),3,none,5
06c9870c-8844-4e8a-8440-75f193393b54,沖縄,沖縄,おきなわ,okinawa,沖繩(地名),0,none,5
441d28d6-8f41-4fad-9562-422bf75ff32e,どうですか,どうですか,どうですか,doudesuka,怎麼樣呢(評價),1,none,5
198828d9-65e8-4a67-a15f-44eb7df4d7e6,少し,少し,すこし,sukoshi,有一點；稍微；少許,2,none,5
c475f137-a8d5-4aa9-b20c-4076f9781e37,アパート,アパート,アパート,apaato,公寓,2,none,5
c9713ca3-a2e2-413f-bd25-0924c3ec4651,うるさい,うるさい,うるさい,urusai,吵鬧的；煩的,3,none,5
3f9bb65d-52da-4116-bd02-8ef54d7097e9,とても,とても,とても,totemo,非常,0,none,5
515d56ca-6325-473d-a6ac-e1d8b448ce0b,全然,全然,ぜんぜん,zenzen,完全(不),0,none,5
87ed6517-76b2-41ad-9f28-f27ab18c19e7,天気,天気,てんき,tenki,天氣,1,none,5
f3bbaac2-69db-47ce-8f19-b09ab8d14e31,天気がいい,天気がいい,てんきがいい,tenkigaii,天氣很好,-1,none,5
51720573-9406-4d4f-ab5c-a4b82f22add4,しかし,しかし,しかし,shikashi,但是；不過,2,none,5
1431544f-ffb4-4185-a240-5a21b86c25cd,それから,それから,それから,sorekara,然後；接著,0,none,5
8341b9f9-3413-44ff-a447-d48aadef2c4d,問題,問題,もんだい,mondai,問題；題目,0,none,5
5a5404b9-ae94-4d04-966b-3539faa749e8,片仮名,片仮名,かたかな,katakana,片假名,3,none,5
248c2870-bf34-413a-aefb-98d328b08ef1,どうでしたか,どうでしたか,どうでしたか,doudeshitaka,怎麼樣呢(體驗),1,none,5
553a2512-fcd2-434c-9fc6-37c69c4301d5,海,海,うみ,umi,海,1,none,5
536224e2-c106-4db3-b394-f04607efda98,まず,まず,まず,mazu,首先,1,none,5
2c07586b-3721-451b-8cef-478d5f3d38c8,疲れます,疲れます,つかれます,tsukaremasu,疲累；疲倦,4,none,5
f075d64a-2c71-445a-ac9f-2f9404c36354,でも,でも,でも,demo,但是,1,none,5
9fc477f3-edf4-4536-974c-dc8b5ec56b2c,～か月（間）,か月（間）,かげつ（かん）,kagetsu(kan),～個月,-1,suffix,5
80517154-4470-4bbb-8828-05f1dd01d041,～分（間）,分（間）,ふん（かん）,fun(kan),～分（鐘）,-1,suffix,5
26cb76b8-1ed5-4ca1-8062-1d46993a390d,～秒（間）,秒（間）,びょう（かん）,byou(kan),～秒（鐘）,-1,suffix,5
d0b60ae6-5501-4d4a-8291-fce32b39ec24,ハイキング,ハイキング,ハイキング,haikingu,健行；郊遊,1,none,5
939c3c01-b537-452e-a4b9-00c1317c8e51,あります,あります,あります,arimasu,(植物、物品等)有，在；舉辦,3,none,6
08d9c783-3662-4311-8055-fcff1c3ec218,います,います,います,imasu,(人類、動物等)有，在,2,none,6
96309c5c-ca22-447d-b7b7-fb4e1e85b42f,中,中,なか,naka,裡面,1,none,6
e4b3e69d-6e1f-4710-b940-ee6c3b181f03,ボール,ボール,ボール,booru,球,0,none,6
24315cfe-3a8e-42c4-8aec-62033ca0bf5f,上,上,うえ,ue,上面,0,none,6
e642c4c7-3a70-4273-b089-d658c51aebae,下,下,した,shita,下面,0,none,6
e5583d44-caa6-4b2c-bade-e07a2b6fa5b5,外,外,そと,soto,外面,1,none,6
2efd888b-8d1a-4237-96de-8025f7df0a9c,前,前,まえ,mae,前面,1,none,6
07e26046-c80d-462d-a41c-ef434216234a,後ろ,後ろ,うしろ,ushiro,後面,0,none,6
26b076a0-97c1-4117-9d81-2a65dd762fad,隣,隣,となり,tonari,旁邊；隔壁,0,none,6
15db2afc-c977-46dd-96fa-698b319c95a2,間,間,あいだ,aida,之間,0,none,6
de8fc69d-84da-489c-994e-10b928603996,いす,いす,いす,isu,椅子,0,none,6
e3574ab0-bad1-4b51-af0e-a79c3e068df4,ベッド,ベッド,ベッド,beddo,床,1,none,6
b085ca9d-1899-44be-a9d4-56ae6eeb9b9f,テーブル,テーブル,テーブル,teeburu,桌子；餐桌,0,none,6
e9069b3e-844d-400b-904f-352708928d9e,財布,財布,さいふ,saifu,錢包,0,none,6
d4a782c6-5848-4a3b-97fe-28fe4e519c47,ゴミ箱,ゴミ箱,ごみばこ,gomibako,垃圾桶,0,none,6
39c88d23-0388-4515-8132-d528d482b0b6,本棚,本棚,ほんだな,hondana,書架；書櫃,1,none,6
27a73c97-8981-43c3-90a7-482a3b101bee,木,木,き,ki,樹木；木頭,1,none,6
8b66d110-0365-47e5-9c02-d9b60b700756,男の子,男の子,おとこのこ,otokonoko,男孩,3,none,6
4c17adb4-ef00-4eb2-9fbd-d25a15ea25d8,魚屋,魚屋,さかなや,sakanaya,魚店,0,none,6
18a6b6d7-3fd7-4132-96e7-5e8778487892,池,池,いけ,ike,池子,2,none,6
11b2bf27-21d1-418d-ac8f-d9ab2882f9f2,ベンチ,ベンチ,ベンチ,benchi,長椅,1,none,6
452d3801-f3d3-4938-ba54-9028ddeec323,近く,近く,ちかく,chikaku,附近,1,none,6
fc004bc3-2db6-4c60-ab7f-6dde7bc8d878,女の人,女の人,おんなのひと,onnanohito,女人,6,none,6
554e4c38-4f99-41c5-b2a8-9f32a94e7bee,鳥,鳥,とり,tori,鳥；雞,0,none,6
7fa1face-0038-4ba5-8053-549c2e5b38ec,お金,お金,おかね,okane,錢,0,none,6
7ce28ce4-2a7a-40c2-b450-8f4d7159d8dc,携帯電話,携帯電話,けいたいでんわ,keitaidenwa,手機,5,none,6
d9db5302-f075-4b7e-92d9-02c4051532cf,スマホ,スマホ,スマホ,sumaho,智慧型手機,0,none,6
d0aadfc7-a677-473d-8fd1-fb73b57a59f3,いくつ,いくつ,いくつ,ikutsu,幾個；幾歲,1,none,6
a867db0a-550c-4586-b50b-a22cfe035fdb,何人,何人,なんにん,nannin,幾人,1,none,6
3a33ba63-5149-4ce4-a791-1dd2a67b03a1,～人,人,にん,nin,～人,-1,suffix,6
645fff38-a319-462a-8d2c-d930ad17ee21,～本,本,ほん,hon,～支；～根；～瓶,-1,suffix,6
0c4acf8d-f2fe-4a5b-b1ef-b29f07995e86,～枚,枚,まい,mai,～張；～枚；～片,-1,suffix,6
2c2fd28f-8dd1-4eb3-beee-ad42c1b3c577,～匹,匹,ひき,hiki,～隻,-1,suffix,6
fa4e236c-1288-4a40-bb78-be3d56798701,～冊,冊,さつ,satsu,～本,-1,suffix,6
fb4d3fa3-aed3-4a3f-a231-db860dbbc034,～台,台,だい,dai,～台,-1,suffix,6
962b04f3-dcd7-4cd7-bfb1-c38b49a3d960,話,話,はなし,hanashi,話；談話；話題；事情；故事,3,none,6
f86eeba1-dfda-4f56-a461-39162d5567aa,四季,四季,しき,shiki,四季,2,none,6
f62a6984-c55c-4e2c-bc85-66a02332f45d,冷蔵庫,冷蔵庫,れいぞうこ,reizouko,冰箱,3,none,6
5f5bf4ca-95f8-4137-8d23-df065f4800a6,鉛筆,鉛筆,えんぴつ,enpitsu,鉛筆,0,none,6
883caf24-eee3-4fd2-a270-dbd1dcd07ebc,男の人,男の人,おとこのひと,otokonohito,男人,6,none,6
ee69e1c1-bf33-4db9-90c3-c308620bae48,庭,庭,にわ,niwa,庭院；院子,0,none,6
10c463f4-7c36-49b5-af4d-623f42c6dfa2,大人,大人,おとな,otona,大人,0,none,6
0c7cf175-580c-4435-b743-ac6e5a6578d0,大勢,大勢,おおぜい,oozei,大量的(人),0,none,6
a3b3ab99-f9f0-4741-add4-9693a1df649c,～階,階,かい,kai,～樓,-1,suffix,6
b23ae06a-d183-4fe2-b47c-4934a39d6206,コピー室,コピー室,こぴーしつ,kopiishitsu,影印室,2,none,6
ccaafcbe-9910-426d-9072-cecc7c46c94d,あの／あのう,あの／あのう,あの／あのう,ano/anou,那個(用於引起聽者注意),0,none,6
deb42c38-8563-4da0-9c98-ff8341251be5,カフェ,カフェ,カフェ,kafe,咖啡廳,1,none,6
0c7a3242-cf19-41e5-9202-175c562d7adb,売り場,売り場,うりば,uriba,賣場；販賣區,0,none,6
fac6bd4d-2249-49ab-be68-7c13e3e44d1b,地下,地下,ちか,chika,地下,1,none,6
98b96465-66a6-4750-8c9b-2713d1811a81,切手,切手,きって,kitte,郵票,0,none,6
cddda462-25b1-4e18-9f91-b1d37de16bf5,いちご,いちご,いちご,ichigo,草莓,0,none,6
a06fabe1-dc6c-4528-b17e-bc020ad07506,ください,ください,ください,kudasai,請給(我),3,none,6
b348a0fd-131a-42e4-85f3-c3f6ee26388c,はがき,はがき,はがき,hagaki,明信片,0,none,6
9ea11a9e-6127-43cb-98b5-8b4105346162,Tシャツ,Tシャツ,ティーシャツ,teiishatsu,T恤,0,none,6
d87f1592-169f-4657-a14e-73290fc2f2ae,～個,個,こ,ko,～個；～顆,-1,suffix,6
b9f37d60-14c4-41f2-8aa8-1b57e6a65387,紙,紙,かみ,kami,紙,2,none,6
0c19be6b-2914-4342-b5c3-64f5153993e9,チョコレート,チョコレート,チョコレート,chokoreeto,巧克力,3,none,6
7a63b6a6-6486-47dd-a6bc-845dc98921d1,店員,店員,てんいん,ten'in,店員,0,none,6
86c7add4-41a6-482e-bd40-23e59e3253f9,いらっしゃいませ,いらっしゃいませ,いらっしゃいませ,irasshaimase,歡迎光臨,6,none,6
7c006ac1-6bc4-4ef0-9cd6-3831e13d255b,お客さん,お客さん,おきゃくさん,okyakusan,客人(敬稱),0,none,6
459d0ef3-f3dd-4180-81ee-53bd33bed892,全部で,全部で,ぜんぶで,zenbude,總共；合計,1,none,6
977cee44-5448-4821-9b63-207b4fb83d65,エアコン,エアコン,エアコン,eakon,空調；冷氣,0,none,6
eb5ee7d1-db1f-403a-8a0c-b78914090a94,パソコン,パソコン,パソコン,pasokon,電腦,0,none,6
249c3e52-0975-46f7-b446-863652dfccd8,国土,国土,こくど,kokudo,國土；領土,1,none,6
e3d18e0a-f447-466b-bb35-429fc1abb2ef,東アジア,東アジア,ひがしあじあ,higashiajia,東亞,4,none,6
98a9bdbb-0899-4446-b348-56e9b8395943,島,島,しま,shima,島,2,none,6
70128d98-6b4a-4dd6-a7cc-ba2a59b4d5ce,本州,本州,ほんしゅう,honshuu,本州,1,none,6
d81dec7b-327c-4fc5-afe8-53e32ce37d0b,四国,四国,しこく,shikoku,四國,2,none,6
4035ded4-cdc6-49de-b709-640744dbac93,九州,九州,きゅうしゅう,kyuushuu,九州,1,none,6
5c495997-59c1-4601-a0b6-8fa8460990cf,～パーセント,パーセント,パーセント,paasento,百分之～,3,suffix,6
6f2c9251-4779-422f-988a-07596cb8ca6f,平野,平野,へいや,heiya,平原,0,none,6
c01b9fb2-8f3a-400a-b94d-ba29d2ae8060,人口,人口,じんこう,jinkou,人口,0,none,6
e4ea9723-5f9b-4486-b2b1-097197af65f7,首都,首都,しゅと,shuto,首都,1,none,6
0d3937f5-2b4e-44e0-8630-9a34c5feba45,東,東,ひがし,higashi,東,0,none,6
fd86e1f8-ee77-4ff9-a18e-d11ae295e8dd,北,北,きた,kita,北,0,none,6
604cb8f6-e7cf-42ee-aa59-da3fcc9d1df5,西,西,にし,nishi,西,0,none,6
99188c64-caac-4fe6-bcf0-610aec6d1820,南,南,みなみ,minami,南,0,none,6
90019305-de19-4918-89fe-59724a5ef7dd,ヨーロッパ,ヨーロッパ,ヨーロッパ,yooroppa,歐洲,3,none,6
5430db4a-5c0f-4c90-9ead-c7fc3ab36d9c,アフリカ,アフリカ,アフリカ,afurika,非洲,0,none,6
3ec2786a-5b95-4317-8a19-15fbab9d1344,アジア,アジア,アジア,ajia,亞洲,1,none,6
7f8c7136-2b55-46f6-8648-d58656a4295c,オセアニア,オセアニア,オセアニア,oseania,大洋洲,0,none,6
56e75fd9-2b3e-4150-ba5e-0f6f8dfcdc58,北アメリカ,北アメリカ,きたあめりか,kitaamerika,北美洲,3,none,6
a3e8dd1b-d09a-4e1a-8fde-175f79f624b7,南アメリカ,南アメリカ,みなみあめりか,minamiamerika,南美洲,4,none,6
351d1c03-9c0f-43f1-b98c-f487216f12f4,文房具屋,文房具屋,ぶんぼうぐや,bunbouguya,文具店,0,none,6
16c1d2cd-6f9d-4a61-8da1-b807312395e8,電気屋,電気屋,でんきや,denkiya,電器店,0,none,6
90e43662-0d0a-4666-acb8-e58a2c820564,パン屋,パン屋,ぱんや,panya,麵包店,1,none,6
dd2b973c-c737-4035-97bd-cda2995add7a,コッペパン,コッペパン,コッペパン,koppepan,熱狗堡麵包,0,none,6
bbe9a08e-66cf-421b-939b-d1aff950ff27,食パン,食パン,しょくぱん,shokupan,吐司,0,none,6
c0b4f9bd-a186-4b1b-929f-bf8ff3baea42,発表します,発表します,はっぴょうします,happyoushimasu,發表；宣布,6,none,6
864791f4-7702-481a-becc-20f8193a237a,～つ,つ,つ,tsu,～個；～份,-1,suffix,6
